reaction_number,reaction_id,sub_source,agreement,note
23,dipolar_000262,locked_778,SKIPPED,diassep runtime deps unavailable in reactot env
34,dipolar_000393,locked_778,SKIPPED,diassep runtime deps unavailable in reactot env
70,dipolar_000900,locked_778,SKIPPED,diassep runtime deps unavailable in reactot env
78,dipolar_001090,spec16,SKIPPED,diassep runtime deps unavailable in reactot env
150,dipolar_001992,spec16,SKIPPED,diassep runtime deps unavailable in reactot env
161,dipolar_002247,locked_778,SKIPPED,diassep runtime deps unavailable in reactot env
163,dipolar_002277,locked_778,SKIPPED,diassep runtime deps unavailable in reactot env
165,dipolar_002319,spec16,SKIPPED,diassep runtime deps unavailable in reactot env
178,dipolar_002497,spec16,SKIPPED,diassep runtime deps unavailable in reactot env
198,dipolar_002810,spec16,SKIPPED,diassep runtime deps unavailable in reactot env
219,dipolar_003110,spec16,SKIPPED,diassep runtime deps unavailable in reactot env
250,dipolar_003561,spec16,SKIPPED,diassep runtime deps unavailable in reactot env
255,dipolar_003596,locked_778,SKIPPED,diassep runtime deps unavailable in reactot env
282,dipolar_004064,locked_778,SKIPPED,diassep runtime deps unavailable in reactot env
300,dipolar_004417,locked_778,SKIPPED,diassep runtime deps unavailable in reactot env
303,dipolar_004446,spec16,SKIPPED,diassep runtime deps unavailable in reactot env
326,dipolar_004762,spec16,SKIPPED,diassep runtime deps unavailable in reactot env
337,dipolar_004918,locked_778,SKIPPED,diassep runtime deps unavailable in reactot env
361,dipolar_005324,spec16,SKIPPED,diassep runtime deps unavailable in reactot env
394,dipolar_005886,locked_778,SKIPPED,diassep runtime deps unavailable in reactot env
